﻿"work_contents_class","work_contents_class_name","sort_no","del_flg","create_date","create_user","update_date","update_user"
"1","開発作業",1,False,12/17/2019 12:00:00 AM,"SSE802615",12/17/2019 12:00:00 AM,"SSE802615"
"2","運用作業",2,False,12/17/2019 12:00:00 AM,"SSE802615",12/17/2019 12:00:00 AM,"SSE802615"
"3","営業作業",3,False,12/17/2019 12:00:00 AM,"SSE802615",12/17/2019 12:00:00 AM,"SSE802615"
"4","その他作業",4,False,12/17/2019 12:00:00 AM,"SSE802615",12/17/2019 12:00:00 AM,"SSE802615"
