﻿"order_contents_code","order_contents_name","sort_no","del_flg","create_date","create_user","update_date","update_user"
"0","受注金額３００万円未満",1,False,12/17/2019 12:00:00 AM,"SSE802615",12/17/2019 12:00:00 AM,"SSE802615"
"1","受注金額３００万円以上",2,False,12/17/2019 12:00:00 AM,"SSE802615",12/17/2019 12:00:00 AM,"SSE802615"
"3","企画・コンサルテ−ション",3,False,12/17/2019 12:00:00 AM,"SSE802615",12/17/2019 12:00:00 AM,"SSE802615"
"7","保守料",4,False,12/17/2019 12:00:00 AM,"SSE802615",12/17/2019 12:00:00 AM,"SSE802615"
"8","処理料（ＩＣＴ）",5,False,12/17/2019 12:00:00 AM,"SSE802615",12/17/2019 12:00:00 AM,"SSE802615"
