﻿"role_code","role_name","screen_url","function_class","del_flg","create_date","create_user","update_date","update_user"
"MANAGER","管理職","ManhourReport","1",False,12/17/2019 12:00:00 AM,"SSE802615",12/17/2019 12:00:00 AM,"SSE802615"
"MANAGER","管理職","ManhourCheck","1",False,12/17/2019 12:00:00 AM,"SSE802615",12/17/2019 12:00:00 AM,"SSE802615"
"MANAGER","管理職","ManhourInput","1",False,12/17/2019 12:00:00 AM,"SSE802615",12/17/2019 12:00:00 AM,"SSE802615"
"AFFAIRS","庶務担当者","ManhourUpdate","1",False,12/17/2019 12:00:00 AM,"SSE802615",12/17/2019 12:00:00 AM,"SSE802615"
"AFFAIRS","庶務担当者","ManhourReport","1",False,12/17/2019 12:00:00 AM,"SSE802615",12/17/2019 12:00:00 AM,"SSE802615"
"AFFAIRS","庶務担当者","ManhourCheck","1",False,12/17/2019 12:00:00 AM,"SSE802615",12/17/2019 12:00:00 AM,"SSE802615"
"AFFAIRS","庶務担当者","ManhourInput","1",False,12/17/2019 12:00:00 AM,"SSE802615",12/17/2019 12:00:00 AM,"SSE802615"
"ADMIN","システム管理者","ContingDataOutput","1",False,12/17/2019 12:00:00 AM,"SSE802615",12/17/2019 12:00:00 AM,"SSE802615"
"ADMIN","システム管理者","MonthChange","1",False,12/17/2019 12:00:00 AM,"SSE802615",12/17/2019 12:00:00 AM,"SSE802615"
"ADMIN","システム管理者","ManhourUpdate","1",False,12/17/2019 12:00:00 AM,"SSE802615",12/17/2019 12:00:00 AM,"SSE802615"
"USER","一般利用者","ContingDataOutput","0",False,12/17/2019 12:00:00 AM,"SSE802615",12/17/2019 12:00:00 AM,"SSE802615"
"USER","一般利用者","MonthChange","0",False,12/17/2019 12:00:00 AM,"SSE802615",12/17/2019 12:00:00 AM,"SSE802615"
"USER","一般利用者","ManhourUpdate","0",False,12/17/2019 12:00:00 AM,"SSE802615",12/17/2019 12:00:00 AM,"SSE802615"
"USER","一般利用者","ManhourReport","1",False,12/17/2019 12:00:00 AM,"SSE802615",12/17/2019 12:00:00 AM,"SSE802615"
"USER","一般利用者","ManhourInput","1",False,12/17/2019 12:00:00 AM,"SSE802615",12/17/2019 12:00:00 AM,"SSE802615"
"MANAGER","管理職","ContingDataOutput","0",False,12/17/2019 12:00:00 AM,"SSE802615",12/17/2019 12:00:00 AM,"SSE802615"
"MANAGER","管理職","MonthChange","0",False,12/17/2019 12:00:00 AM,"SSE802615",12/17/2019 12:00:00 AM,"SSE802615"
"MANAGER","管理職","ManhourUpdate","2",False,12/17/2019 12:00:00 AM,"SSE802615",12/17/2019 12:00:00 AM,"SSE802615"
"ADMIN","システム管理者","ManhourReport","1",False,12/17/2019 12:00:00 AM,"SSE802615",12/17/2019 12:00:00 AM,"SSE802615"
"ADMIN","システム管理者","ManhourCheck","1",False,12/17/2019 12:00:00 AM,"SSE802615",12/17/2019 12:00:00 AM,"SSE802615"
"ADMIN","システム管理者","ManhourInput","1",False,12/17/2019 12:00:00 AM,"SSE802615",12/17/2019 12:00:00 AM,"SSE802615"
"AFFAIRS","庶務担当者","MonthChange","0",False,12/17/2019 12:00:00 AM,"SSE802615",12/17/2019 12:00:00 AM,"SSE802615"
"AFFAIRS","庶務担当者","ContingDataOutput","0",False,12/17/2019 12:00:00 AM,"SSE802615",12/17/2019 12:00:00 AM,"SSE802615"
"USER","一般利用者","ManhourCheck","0",False,12/17/2019 12:00:00 AM,"SSE802615",12/17/2019 12:00:00 AM,"SSE802615"
"POWER","特権ユーザ","ContingDataOutput","1",False,12/17/2019 12:00:00 AM,"SSE802615",12/17/2019 12:00:00 AM,"SSE802615"
"POWER","特権ユーザ","ManhourCheck","1",False,12/17/2019 12:00:00 AM,"SSE802615",12/17/2019 12:00:00 AM,"SSE802615"
"POWER","特権ユーザ","ManhourInput","1",False,12/17/2019 12:00:00 AM,"SSE802615",12/17/2019 12:00:00 AM,"SSE802615"
"POWER","特権ユーザ","ManhourReport","1",False,12/17/2019 12:00:00 AM,"SSE802615",12/17/2019 12:00:00 AM,"SSE802615"
"POWER","特権ユーザ","ManhourUpdate","1",False,12/17/2019 12:00:00 AM,"SSE802615",12/17/2019 12:00:00 AM,"SSE802615"
"POWER","特権ユーザ","MonthChange","1",False,12/17/2019 12:00:00 AM,"SSE802615",12/17/2019 12:00:00 AM,"SSE802615"
"POWER","特権ユーザ","Theme","1",False,12/17/2019 12:00:00 AM,"SSE802615",12/17/2019 12:00:00 AM,"SSE802615"
"ADMIN","システム管理者","Theme","1",False,12/17/2019 12:00:00 AM,"SSE802615",12/17/2019 12:00:00 AM,"SSE802615"
"AFFAIRS","庶務担当者","Theme","1",False,12/17/2019 12:00:00 AM,"SSE802615",12/17/2019 12:00:00 AM,"SSE802615"
"MANAGER","管理職","Theme","1",False,12/17/2019 12:00:00 AM,"SSE802615",12/17/2019 12:00:00 AM,"SSE802615"
"USER","一般利用者","Theme","0",False,12/17/2019 12:00:00 AM,"SSE802615",12/17/2019 12:00:00 AM,"SSE802615"
