﻿"surrogate_key","user_no","screen_url","screen_item","screen_input","save_name"
"THAOTTP20200207050436001","THAOTTP","Theme","THEME_NAME1","開発テーマ正式",""
"NGUYENL20200203093625001","NGUYENL","ManhourUpdate","USER_NO","NGUYENL",""
"NGUYENL20200203093625002","NGUYENL","ManhourUpdate","SITE_CODE","YP",""
"PHONGDV20200330094441000","PHONGDV","ManhourReport","isTotal","1",""
"THAOTTP20200207050436005","THAOTTP","Theme","SCROLL_POSITION","0",""
"TUANPM20200206065154004","TUANPM","SelectTheme","SoldFlg","売上済",""
"PHONGDV20200330094441001","PHONGDV","ManhourReport","typeDelimiter","1",""
"PHONGDV20200330094441002","PHONGDV","ManhourReport","isSingleQuote","1",""
"PHONGDV20200330094441003","PHONGDV","ManhourReport","numberSelectedHeader","5",""
"PHONGDV20200330094441004","PHONGDV","ManhourReport","selectedHeaderItem_0","user",""
"PHONGDV20200330094441005","PHONGDV","ManhourReport","selectedHeaderItem_1","workcontent",""
"PHONGDV20200330094441006","PHONGDV","ManhourReport","selectedHeaderItem_2","detailworkcontent",""
"PHONGDV20200330094441007","PHONGDV","ManhourReport","selectedHeaderItem_3","overalltotal",""
"PHONGDV20200330094441008","PHONGDV","ManhourReport","selectedHeaderItem_4","monthlytotal",""
"NGUYENL20200203093625003","NGUYENL","ManhourUpdate","YEAR","2020",""
"NGUYENL20200203093625004","NGUYENL","ManhourUpdate","MONTH","2",""
"PHONGDV20200330094441009","PHONGDV","ManhourReport","fromDate","2019/02/01",""
"PHONGDV20200330094441010","PHONGDV","ManhourReport","toDate","2020/05/14",""
"PHONGDV20200330094441011","PHONGDV","ManhourReport","numberTheme","1",""
"PHONGDV20200330094441012","PHONGDV","ManhourReport","themeNo_0","",""
"NGUYENL20200217103448000","NGUYENL","ManhourReport","isTotal","1","tantq"
"NGUYENL20200217103448001","NGUYENL","ManhourReport","typeDelimiter","1","tantq"
"NGUYENL20200217103448002","NGUYENL","ManhourReport","isSingleQuote","1","tantq"
"THAOTTPYYYY01DD1301SS000","THAOTTP","ManhourCheck","fromDate","2020/02/01",""
"NGUYENL20200217103448003","NGUYENL","ManhourReport","fromDate","2020/02/17","tantq"
"THAOTTPYYYY01DD1301SS001","THAOTTP","ManhourCheck","toDate","2020/02/06",""
"NGUYENL20200217103448004","NGUYENL","ManhourReport","toDate","2020/02/17","tantq"
"PHONGDV20200330094441013","PHONGDV","ManhourReport","workContentCode_0","",""
"PHONGDV20200330094441014","PHONGDV","ManhourReport","workContentDetail_0","",""
"THAOTTPYYYY01DD1301SS002","THAOTTP","ManhourCheck","groupCode","8002000000",""
"PHONGDV20200330094441015","PHONGDV","ManhourReport","lastestSaveName","LASTEST",""
"CANHVN20200212083217001","CANHVN","Theme","THEME_NAME1",,""
"CANHVN20200212083217002","CANHVN","Theme","ACCOUNTING_GROUP_CODE",,""
"THUYHV20200122092444002","THUYHV","SelectTheme","AccountingGroupCode","25",
"TUANPM20200206065154000","TUANPM","SelectTheme","ThemeNo",,""
"TUANPM20200206065154001","TUANPM","SelectTheme","ThemeName",,""
"TUANPM20200206065154002","TUANPM","SelectTheme","AccountingGroupCode",,""
"TUANPM20200206065154003","TUANPM","SelectTheme","SalesObjectCode",,""
"CANHVN20200204111028002","CANHVN","ManhourUpdate","SITE_CODE","YP",""
"NGUYENL20200217103509000","NGUYENL","ManhourReport","isTotal","0","thaottp"
"NGUYENL20200217103509001","NGUYENL","ManhourReport","typeDelimiter","0","thaottp"
"NGUYENL20200203093625000","NGUYENL","ManhourUpdate","GROUP_CODE","8002000000",""
"NGUYENL20200217103509002","NGUYENL","ManhourReport","isSingleQuote","0","thaottp"
"NGUYENL20200217103509003","NGUYENL","ManhourReport","fromDate","2020/02/17","thaottp"
"VYHNT20210603154823000","VYHNT","ManhourInput","ManhourInput","Month",""
"NGUYENL20200120054522002","NGUYENL","ManhourCheck","groupCode","8002030000",""
"NGUYENL20200217103509004","NGUYENL","ManhourReport","toDate","2020/02/17","thaottp"
"NGUYENL20200120054521000","NGUYENL","ManhourCheck","fromDate","2020/01/15",""
"NGUYENL20200120054521001","NGUYENL","ManhourCheck","toDate","2020/01/24",""
"THAOTTP20200207050436002","THAOTTP","Theme","ACCOUNTING_GROUP_CODE",,""
"NGUYENL20200217103525000","NGUYENL","ManhourReport","isTotal","1","phongdv"
"THAOTTP20200207050436003","THAOTTP","Theme","SALES_OBJECT_CODE",,""
"THAOTTP20200207050436000","THAOTTP","Theme","THEME_NO","11101",""
"NGUYENL20200217103525001","NGUYENL","ManhourReport","typeDelimiter","1","phongdv"
"NGUYENL20200217103525002","NGUYENL","ManhourReport","isSingleQuote","1","phongdv"
"NGUYENL20200217103525003","NGUYENL","ManhourReport","fromDate","2020/02/17","phongdv"
"NGUYENL20200217103525004","NGUYENL","ManhourReport","toDate","2020/02/17","phongdv"
"NGUYENL20200217103609000","NGUYENL","ManhourReport","isTotal","1","canhvn"
"NGUYENL20200217103609001","NGUYENL","ManhourReport","typeDelimiter","1","canhvn"
"NGUYENL20200217103609002","NGUYENL","ManhourReport","isSingleQuote","1","canhvn"
"NGUYENL20200217103609003","NGUYENL","ManhourReport","fromDate","2020/02/17","canhvn"
"NGUYENL20200217103609004","NGUYENL","ManhourReport","toDate","2020/02/17","canhvn"
"THAOTTP20200207050436004","THAOTTP","Theme","DEL_FLG","0",""
"CANHVN20200212083217004","CANHVN","Theme","DEL_FLG","0",""
"THUYHV20200122092444000","THUYHV","SelectTheme","ThemeNo",,
"THAOTTP20200203083407003","THAOTTP","ManhourUpdate","YEAR","2020",""
"THUYHV20200122092444001","THUYHV","SelectTheme","ThemeName",,
"THUYHV20200122092444003","THUYHV","SelectTheme","SalesObjectCode",,
"THUYHV20200122092444004","THUYHV","SelectTheme","SoldFlg","全て",
"THAOTTP20200203083407004","THAOTTP","ManhourUpdate","MONTH","2",""
"CANHVN20200316152717000","CANHVN","ManhourReport","isTotal","1","313122"
"CANHVN20200316152717001","CANHVN","ManhourReport","typeDelimiter","1","313122"
"CANHVN20200316152717002","CANHVN","ManhourReport","isSingleQuote","0","313122"
"CANHVN20200316152717003","CANHVN","ManhourReport","numberSelectedHeader","3","313122"
"CANHVN20200316152717004","CANHVN","ManhourReport","selectedHeaderItem_0","user","313122"
"TANTQ20200203045615004","TANTQ","SelectTheme","SoldFlg","未売上",
"CANHVN20200316152717005","CANHVN","ManhourReport","selectedHeaderItem_1","workcontent","313122"
"TUANTT20200406131159000","TUANTT","ManhourInput","ManhourInput","Day",""
"CANHVN20200316152717006","CANHVN","ManhourReport","selectedHeaderItem_2","overalltotal","313122"
"CANHVN20200316152717007","CANHVN","ManhourReport","fromDate","2020/02/01","313122"
"CANHVN20200316152717008","CANHVN","ManhourReport","toDate","2020/03/31","313122"
"CANHVN20200316152717009","CANHVN","ManhourReport","numberTheme","1","313122"
"BAOTQ20200204072403004","BAOTQ","ManhourUpdate","MONTH","3",""
"CANHVN20200316152717010","CANHVN","ManhourReport","themeNo_0","11101-7700[開発テーマ正式名称８]","313122"
"TANTQ20200203045615000","TANTQ","SelectTheme","ThemeNo",,
"CANHVN20200227104124000","CANHVN","ManhourCheck","fromDate","2020/02/01",""
"CANHVN20200212083217003","CANHVN","Theme","SALES_OBJECT_CODE",,""
"TANTQ20200203100202003","TANTQ","ManhourUpdate","YEAR","2020",""
"CANHVN20200203063442000","CANHVN","SelectTheme","ThemeNo",,""
"TANTQ20200203100202004","TANTQ","ManhourUpdate","MONTH","3",""
"BAOTQ20200204072403000","BAOTQ","ManhourUpdate","GROUP_CODE","8002000000",""
"CANHVN20200203063442002","CANHVN","SelectTheme","AccountingGroupCode",,""
"TANTQ20200203045615003","TANTQ","SelectTheme","SalesObjectCode",,
"CANHVN20200316152717011","CANHVN","ManhourReport","workContentCode_0","","313122"
"CANHVN20200316152717012","CANHVN","ManhourReport","workContentDetail_0","","313122"
"BAOTQ20200203031148001","BAOTQ","SelectTheme","ThemeName","bao",
"BAOTQ20200204072403001","BAOTQ","ManhourUpdate","USER_NO","BAOTQ",""
"NGUYENL20200203030308003","NGUYENL","SelectTheme","SalesObjectCode",,
"TUANTT20200406131118000","TUANTT","SelectTheme","ThemeNo",,""
"TUANTT20200406131118001","TUANTT","SelectTheme","ThemeName",,""
"NGUYENL20200203030309004","NGUYENL","SelectTheme","SoldFlg","未売上",
"TUANPM20200210042652005","TUANPM","Theme","SCROLL_POSITION","0",""
"CANHVN20200203063442001","CANHVN","SelectTheme","ThemeName",,""
"BAOTQ20200203031148004","BAOTQ","SelectTheme","SoldFlg","全て",
"THAOTTP20200204082004000","THAOTTP","ManhourInput","ManhourInput","Month",""
"PHONGDV20200225131711000","PHONGDV","Theme","THEME_NO",,""
"PHONGDV20200225131711001","PHONGDV","Theme","THEME_NAME1",,""
"PHONGDV20200225131711002","PHONGDV","Theme","ACCOUNTING_GROUP_CODE",,""
"PHONGDV20200225131711003","PHONGDV","Theme","SALES_OBJECT_CODE",,""
"NGUYENL20200217103948000","NGUYENL","ManhourReport","isTotal","1","THUYHV"
"TANTQ20200203045615002","TANTQ","SelectTheme","AccountingGroupCode",,
"NGUYENL20200217103948001","NGUYENL","ManhourReport","typeDelimiter","1","THUYHV"
"NGUYENL20200217103948002","NGUYENL","ManhourReport","isSingleQuote","1","THUYHV"
"NGUYENL20200217103948003","NGUYENL","ManhourReport","fromDate","2020/02/17","THUYHV"
"THAOTTP20200203034131001","THAOTTP","SelectTheme","ThemeName",,
"NGUYENL20200217103948004","NGUYENL","ManhourReport","toDate","2020/02/17","THUYHV"
"THAOTTP20200203034132003","THAOTTP","SelectTheme","SalesObjectCode",,
"PHONGDV20200225131711004","PHONGDV","Theme","DEL_FLG","0",""
"TANTQ20200203045615001","TANTQ","SelectTheme","ThemeName",,
"PHONGDV20200225131711005","PHONGDV","Theme","SCROLL_POSITION","43211",""
"BAOTQ20200218135318000","BAOTQ","ManhourReport","isTotal","1","DEMODE"
"BAOTQ20200218135318001","BAOTQ","ManhourReport","typeDelimiter","1","DEMODE"
"BAOTQ20200218135318002","BAOTQ","ManhourReport","isSingleQuote","1","DEMODE"
"BAOTQ20200218135318003","BAOTQ","ManhourReport","numberSelectedHeader","4","DEMODE"
"BAOTQ20200218135318004","BAOTQ","ManhourReport","selectedHeaderItem_0","detailworkcontent","DEMODE"
"BAOTQ20200204072403002","BAOTQ","ManhourUpdate","SITE_CODE","YP",""
"BAOTQ20200204072403003","BAOTQ","ManhourUpdate","YEAR","2020",""
"BAOTQ20200218135318005","BAOTQ","ManhourReport","selectedHeaderItem_1","workcontent","DEMODE"
"BAOTQ20200218135318006","BAOTQ","ManhourReport","selectedHeaderItem_2","theme","DEMODE"
"BAOTQ20200218135318007","BAOTQ","ManhourReport","selectedHeaderItem_3","overalltotal","DEMODE"
"BAOTQ20200218135318008","BAOTQ","ManhourReport","fromDate","2020/02/18","DEMODE"
"TUANTT20200406131118002","TUANTT","SelectTheme","AccountingGroupCode","11",""
"TUANTT20200406131118003","TUANTT","SelectTheme","SalesObjectCode","011",""
"TUANPM20200210042652000","TUANPM","Theme","THEME_NO",,""
"TUANPM20200210042652001","TUANPM","Theme","THEME_NAME1",,""
"TUANPM20200210042652002","TUANPM","Theme","ACCOUNTING_GROUP_CODE",,""
"TUANPM20200210042652003","TUANPM","Theme","SALES_OBJECT_CODE",,""
"TUANPM20200210042652004","TUANPM","Theme","DEL_FLG","0",""
"TUANTT20200406131118004","TUANTT","SelectTheme","SoldFlg","未売上",""
"THAOTTP20200203034132004","THAOTTP","SelectTheme","SoldFlg","全て",
"THAOTTP20200203034131000","THAOTTP","SelectTheme","ThemeNo","7660",
"BAOTQ20200218135318009","BAOTQ","ManhourReport","toDate","2020/02/18","DEMODE"
"CANHVN20200203063442003","CANHVN","SelectTheme","SalesObjectCode",,""
"BAOTQ20200218135318010","BAOTQ","ManhourReport","numberTheme","1","DEMODE"
"CANHVN20200204111028000","CANHVN","ManhourUpdate","GROUP_CODE","8002020000",""
"TUANTT20200406131301000","TUANTT","ManhourUpdate","GROUP_CODE","8002000000",""
"CANHVN20200204111028003","CANHVN","ManhourUpdate","YEAR","2020",""
"BAOTQ20200218135318011","BAOTQ","ManhourReport","themeNo_0","11101-7640[開発テーマ正式名称１]","DEMODE"
"BAOTQ20200218135318012","BAOTQ","ManhourReport","workContentCode_0","10","DEMODE"
"TUANTT20200406131301001","TUANTT","ManhourUpdate","USER_NO","BAOTQ",""
"BAOTQ20200218135318013","BAOTQ","ManhourReport","workContentDetail_0","12","DEMODE"
"BAOTQ20200218135318014","BAOTQ","ManhourReport","numberGroup","2","DEMODE"
"BAOTQ20200218135318015","BAOTQ","ManhourReport","group_1","8002000000","DEMODE"
"BAOTQ20200218135318016","BAOTQ","ManhourReport","numberUserGroup_1","2","DEMODE"
"PHONGDV20200213061718000","PHONGDV","SelectTheme","ThemeNo",,""
"PHONGDV20200213061718001","PHONGDV","SelectTheme","ThemeName",,""
"BAOTQ20200218135318017","BAOTQ","ManhourReport","group_1_1","THAOTTP","DEMODE"
"BAOTQ20200218135318018","BAOTQ","ManhourReport","group_1_2","TUANPM","DEMODE"
"BAOTQ20200218135318019","BAOTQ","ManhourReport","group_2","8002000000","DEMODE"
"BAOTQ20200218135318020","BAOTQ","ManhourReport","numberUserGroup_2","3","DEMODE"
"NGUYENL20200217154145000","NGUYENL","ManhourReport","isTotal","0","12344"
"NGUYENL20200217154145001","NGUYENL","ManhourReport","typeDelimiter","0","12344"
"NGUYENL20200217154145002","NGUYENL","ManhourReport","isSingleQuote","0","12344"
"NGUYENL20200217154145003","NGUYENL","ManhourReport","fromDate","2020/02/17","12344"
"NGUYENL20200217154145004","NGUYENL","ManhourReport","toDate","2020/02/17","12344"
"BAOTQ20200218135318021","BAOTQ","ManhourReport","group_2_1","THAOTTP","DEMODE"
"BAOTQ20200218135318022","BAOTQ","ManhourReport","group_2_2","TUANPM","DEMODE"
"BAOTQ20200218135318023","BAOTQ","ManhourReport","group_2_3","THUYHV","DEMODE"
"CANHVN20200204111028004","CANHVN","ManhourUpdate","MONTH","3",""
"PHONGDV20200213061718003","PHONGDV","SelectTheme","SalesObjectCode",,""
"TANTQ20200205020034000","TANTQ","ManhourInput","ManhourInput","Month",""
"NGUYENL20200203030308000","NGUYENL","SelectTheme","ThemeNo",,
"NGUYENL20200203030308001","NGUYENL","SelectTheme","ThemeName",,
"TUANPM20200221082507000","TUANPM","ManhourInput","ManhourInput","Day",""
"TUANPM20200213102329000","TUANPM","ManhourReport","isTotal","0","asdsdsd"
"TUANPM20200213102329001","TUANPM","ManhourReport","typeDelimiter","0","asdsdsd"
"TUANPM20200213102329002","TUANPM","ManhourReport","isSingleQuote","0","asdsdsd"
"TUANPM20200213102329003","TUANPM","ManhourReport","fromDate","2020/02/13","asdsdsd"
"TUANPM20200213102329004","TUANPM","ManhourReport","toDate","2020/02/13","asdsdsd"
"TUANPM20200213102329005","TUANPM","ManhourReport","numberGroup","2","asdsdsd"
"TUANPM20200213102329006","TUANPM","ManhourReport","group_1","8002000000","asdsdsd"
"TUANPM20200213102329007","TUANPM","ManhourReport","numberUserGroup_1","2","asdsdsd"
"TUANPM20200213102329008","TUANPM","ManhourReport","group_1_1","NGUYENL","asdsdsd"
"NGUYENL20200206015948000","NGUYENL","ManhourInput","ManhourInput","Day",""
"PHONGDV20200213061718004","PHONGDV","SelectTheme","SoldFlg","売上済",""
"BAOTQ20200211033321005","BAOTQ","Theme","SCROLL_POSITION","0",""
"BAOTQ20200211033321001","BAOTQ","Theme","THEME_NAME1",,""
"BAOTQ20200211033321000","BAOTQ","Theme","THEME_NO",,""
"BAOTQ20200211033321002","BAOTQ","Theme","ACCOUNTING_GROUP_CODE",,""
"BAOTQ20200211033321003","BAOTQ","Theme","SALES_OBJECT_CODE",,""
"BAOTQ20200211033321004","BAOTQ","Theme","DEL_FLG","2",""
"TUANPM20200213102329009","TUANPM","ManhourReport","group_1_2","TUANPM","asdsdsd"
"TUANPM20200213102329010","TUANPM","ManhourReport","group_2","8002000000","asdsdsd"
"TUANPM20200213102329011","TUANPM","ManhourReport","numberUserGroup_2","2","asdsdsd"
"TUANPM20200213102329012","TUANPM","ManhourReport","group_2_1","TUANPM","asdsdsd"
"TUANPM20200213102329013","TUANPM","ManhourReport","group_2_2","TUANPM","asdsdsd"
"CANHVN20200227104124001","CANHVN","ManhourCheck","toDate","2020/02/29",""
"CANHVN20200227104124002","CANHVN","ManhourCheck","groupCode",,""
"PHONGDV20200225095531002","PHONGDV","ManhourUpdate","SITE_CODE","HP",""
"THAOTTP20200203034132002","THAOTTP","SelectTheme","AccountingGroupCode",,
"PHONGDV20200319161942000","PHONGDV","ManhourReport","isTotal","1","\sdf_sdf"
"NGUYENL20200217104128000","NGUYENL","ManhourReport","isTotal","1","NGATTT"
"NGUYENL20200217104128001","NGUYENL","ManhourReport","typeDelimiter","1","NGATTT"
"NGUYENL20200217104128002","NGUYENL","ManhourReport","isSingleQuote","1","NGATTT"
"NGUYENL20200217104128003","NGUYENL","ManhourReport","fromDate","2020/02/17","NGATTT"
"NGUYENL20200217104128004","NGUYENL","ManhourReport","toDate","2020/02/17","NGATTT"
"PHONGDV20200319161942001","PHONGDV","ManhourReport","typeDelimiter","0","\sdf_sdf"
"PHONGDV20200319161942002","PHONGDV","ManhourReport","isSingleQuote","1","\sdf_sdf"
"PHONGDV20200319161942003","PHONGDV","ManhourReport","fromDate","2020/02/01","\sdf_sdf"
"PHONGDV20200319161942004","PHONGDV","ManhourReport","toDate","2020/02/24","\sdf_sdf"
"PHONGDV20200319161942005","PHONGDV","ManhourReport","numberTheme","4","\sdf_sdf"
"PHONGDV20200319161942006","PHONGDV","ManhourReport","themeNo_0","11101-7641[開発テーマ正式名称２]","\sdf_sdf"
"PHONGDV20200319161942007","PHONGDV","ManhourReport","workContentCode_0","30","\sdf_sdf"
"PHONGDV20200319161942008","PHONGDV","ManhourReport","workContentDetail_0","52","\sdf_sdf"
"PHONGDV20200319161942009","PHONGDV","ManhourReport","themeNo_1","","\sdf_sdf"
"PHONGDV20200319161942010","PHONGDV","ManhourReport","workContentCode_1","","\sdf_sdf"
"PHONGDV20200319161942011","PHONGDV","ManhourReport","workContentDetail_1","","\sdf_sdf"
"PHONGDV20200319161942012","PHONGDV","ManhourReport","themeNo_2","11101-7650[開発テーマ正式名称３]","\sdf_sdf"
"PHONGDV20200319161942013","PHONGDV","ManhourReport","workContentCode_2","50","\sdf_sdf"
"TANTQ20200203100202002","TANTQ","ManhourUpdate","SITE_CODE","HP",""
"PHONGDV20200319161942014","PHONGDV","ManhourReport","workContentDetail_2","33","\sdf_sdf"
"PHONGDV20200319161942015","PHONGDV","ManhourReport","themeNo_3","","\sdf_sdf"
"PHONGDV20200319161942016","PHONGDV","ManhourReport","workContentCode_3","","\sdf_sdf"
"PHONGDV20200319161942017","PHONGDV","ManhourReport","workContentDetail_3","","\sdf_sdf"
"PHONGDV20200319161942018","PHONGDV","ManhourReport","numberGroup","4","\sdf_sdf"
"PHONGDV20200319161942019","PHONGDV","ManhourReport","group_1","8002000000","\sdf_sdf"
"PHONGDV20200319161942020","PHONGDV","ManhourReport","numberUserGroup_1","2","\sdf_sdf"
"PHONGDV20200319161942021","PHONGDV","ManhourReport","group_1_1","THAOTTP","\sdf_sdf"
"PHONGDV20200319161942022","PHONGDV","ManhourReport","group_1_2","THUYHV","\sdf_sdf"
"PHONGDV20200319161942023","PHONGDV","ManhourReport","group_2","8000000000","\sdf_sdf"
"PHONGDV20200319161942024","PHONGDV","ManhourReport","numberUserGroup_2","3","\sdf_sdf"
"PHONGDV20200319161942025","PHONGDV","ManhourReport","group_2_1","PHONGDV2","\sdf_sdf"
"PHONGDV20200319161942026","PHONGDV","ManhourReport","group_2_2","PHONGDV3","\sdf_sdf"
"PHONGDV20200319161942027","PHONGDV","ManhourReport","group_2_3","PHONGDV4","\sdf_sdf"
"TANTQ20200203100202000","TANTQ","ManhourUpdate","GROUP_CODE","8002000000",""
"CANHVN20200316152751000","CANHVN","ManhourReport","isTotal","1","313123"
"CANHVN20200316152751001","CANHVN","ManhourReport","typeDelimiter","1","313123"
"TANTQ20200203100202001","TANTQ","ManhourUpdate","USER_NO","BAOTQ",""
"CANHVN20200316152751002","CANHVN","ManhourReport","isSingleQuote","0","313123"
"CANHVN20200316152751003","CANHVN","ManhourReport","numberSelectedHeader","2","313123"
"CANHVN20200316152751004","CANHVN","ManhourReport","selectedHeaderItem_0","user","313123"
"CANHVN20200316152751005","CANHVN","ManhourReport","selectedHeaderItem_1","overalltotal","313123"
"THAOTTP20200203083407000","THAOTTP","ManhourUpdate","GROUP_CODE","8002020000",""
"THAOTTP20200203083407002","THAOTTP","ManhourUpdate","SITE_CODE","HP",""
"THAOTTP20200203083407001","THAOTTP","ManhourUpdate","USER_NO","CANHVN",""
"CANHVN20200316152751006","CANHVN","ManhourReport","fromDate","2020/02/01","313123"
"CANHVN20200316152751007","CANHVN","ManhourReport","toDate","2020/03/31","313123"
"CANHVN20200316152751008","CANHVN","ManhourReport","numberTheme","1","313123"
"CANHVN20200316152751009","CANHVN","ManhourReport","themeNo_0","11101-7700[開発テーマ正式名称８]","313123"
"CANHVN20200316152751010","CANHVN","ManhourReport","workContentCode_0","","313123"
"CANHVN20200316152751011","CANHVN","ManhourReport","workContentDetail_0","","313123"
"CANHVN20200316152827000","CANHVN","ManhourReport","isTotal","1","31312"
"CANHVN20200316152827001","CANHVN","ManhourReport","typeDelimiter","1","31312"
"CANHVN20200316152827002","CANHVN","ManhourReport","isSingleQuote","0","31312"
"CANHVN20200316152827003","CANHVN","ManhourReport","numberSelectedHeader","2","31312"
"CANHVN20200316152827004","CANHVN","ManhourReport","selectedHeaderItem_0","user","31312"
"CANHVN20200316152827005","CANHVN","ManhourReport","selectedHeaderItem_1","overalltotal","31312"
"CANHVN20200316152827006","CANHVN","ManhourReport","fromDate","2020/02/01","31312"
"CANHVN20200316152827007","CANHVN","ManhourReport","toDate","2020/03/31","31312"
"CANHVN20200316152827008","CANHVN","ManhourReport","numberTheme","1","31312"
"CANHVN20200316152827009","CANHVN","ManhourReport","themeNo_0","11101-7700[開発テーマ正式名称８]","31312"
"CANHVN20200316152827010","CANHVN","ManhourReport","workContentCode_0","","31312"
"CANHVN20200316152827011","CANHVN","ManhourReport","workContentDetail_0","","31312"
"PHONGDV20200319161942028","PHONGDV","ManhourReport","group_3","8002020000","\sdf_sdf"
"PHONGDV20200319161942029","PHONGDV","ManhourReport","numberUserGroup_3","2","\sdf_sdf"
"PHONGDV20200319161942030","PHONGDV","ManhourReport","group_3_1","CANHVN","\sdf_sdf"
"PHONGDV20200319161942031","PHONGDV","ManhourReport","group_3_2","TANTQ","\sdf_sdf"
"PHONGDV20200319161942032","PHONGDV","ManhourReport","group_4","","\sdf_sdf"
"PHONGDV20200319161942033","PHONGDV","ManhourReport","numberUserGroup_4","1","\sdf_sdf"
"NGUYENL20200218100154000","NGUYENL","ManhourReport","isTotal","1","quangtan"
"NGUYENL20200218100154001","NGUYENL","ManhourReport","typeDelimiter","1","quangtan"
"NGUYENL20200218100154002","NGUYENL","ManhourReport","isSingleQuote","1","quangtan"
"NGUYENL20200218100154003","NGUYENL","ManhourReport","numberSelectedHeader","8","quangtan"
"NGUYENL20200218100154004","NGUYENL","ManhourReport","selectedHeaderItem_0","detailworkcontent","quangtan"
"NGUYENL20200218100154005","NGUYENL","ManhourReport","selectedHeaderItem_1","workcontent","quangtan"
"NGUYENL20200218100154006","NGUYENL","ManhourReport","selectedHeaderItem_2","user","quangtan"
"NGUYENL20200218100154007","NGUYENL","ManhourReport","selectedHeaderItem_3","affiliation","quangtan"
"PHONGDV20200319161942034","PHONGDV","ManhourReport","group_4_1","","\sdf_sdf"
"NGUYENL20200218100154008","NGUYENL","ManhourReport","selectedHeaderItem_4","theme","quangtan"
"NGUYENL20200218100154009","NGUYENL","ManhourReport","selectedHeaderItem_5","overalltotal","quangtan"
"NGUYENL20200218100154010","NGUYENL","ManhourReport","selectedHeaderItem_6","monthlytotal","quangtan"
"NGUYENL20200218100154011","NGUYENL","ManhourReport","selectedHeaderItem_7","dailytotal","quangtan"
"NGUYENL20200218100154012","NGUYENL","ManhourReport","fromDate","2020/02/17","quangtan"
"NGUYENL20200218100154013","NGUYENL","ManhourReport","toDate","2020/02/17","quangtan"
"NGUYENL20200218100154014","NGUYENL","ManhourReport","numberTheme","1","quangtan"
"NGUYENL20200218100154015","NGUYENL","ManhourReport","themeNo_0","11120-0000[1]","quangtan"
"NGUYENL20200218100154016","NGUYENL","ManhourReport","workContentCode_0","30","quangtan"
"NGUYENL20200218100154017","NGUYENL","ManhourReport","workContentDetail_0","11","quangtan"
"BAOTQ20200218135346000","BAOTQ","ManhourReport","isTotal","1","レイアウト設定レイアウト設定"
"BAOTQ20200218135346001","BAOTQ","ManhourReport","typeDelimiter","1","レイアウト設定レイアウト設定"
"PHONGDV20200213061718002","PHONGDV","SelectTheme","AccountingGroupCode",,""
"BAOTQ20200218135346002","BAOTQ","ManhourReport","isSingleQuote","1","レイアウト設定レイアウト設定"
"BAOTQ20200218135346003","BAOTQ","ManhourReport","numberSelectedHeader","4","レイアウト設定レイアウト設定"
"BAOTQ20200218135346004","BAOTQ","ManhourReport","selectedHeaderItem_0","detailworkcontent","レイアウト設定レイアウト設定"
"BAOTQ20200218135346005","BAOTQ","ManhourReport","selectedHeaderItem_1","workcontent","レイアウト設定レイアウト設定"
"BAOTQ20200218135346006","BAOTQ","ManhourReport","selectedHeaderItem_2","theme","レイアウト設定レイアウト設定"
"TUANTT20200406131843000","TUANTT","ManhourReport","isTotal","1","ttaa"
"TUANTT20200406131843001","TUANTT","ManhourReport","typeDelimiter","1","ttaa"
"TUANTT20200406131843002","TUANTT","ManhourReport","isSingleQuote","1","ttaa"
"TUANTT20200406131843003","TUANTT","ManhourReport","numberSelectedHeader","3","ttaa"
"TUANTT20200406131843004","TUANTT","ManhourReport","selectedHeaderItem_0","user","ttaa"
"TUANTT20200406131843005","TUANTT","ManhourReport","selectedHeaderItem_1","theme","ttaa"
"TUANTT20200406131843006","TUANTT","ManhourReport","selectedHeaderItem_2","monthlytotal","ttaa"
"TUANTT20200406131843007","TUANTT","ManhourReport","fromDate","2020/03/01","ttaa"
"TUANTT20200406131843008","TUANTT","ManhourReport","toDate","2020/04/06","ttaa"
"TUANTT20200406131843009","TUANTT","ManhourReport","numberTheme","1","ttaa"
"TUANTT20200406131843010","TUANTT","ManhourReport","themeNo_0","","ttaa"
"TUANTT20200406131843011","TUANTT","ManhourReport","workContentCode_0","","ttaa"
"TUANTT20200406131843012","TUANTT","ManhourReport","workContentDetail_0","","ttaa"
"TUANTT20200406131847000","TUANTT","ManhourReport","isTotal","1",""
"TUANTT20200406131847001","TUANTT","ManhourReport","typeDelimiter","1",""
"BAOTQ20200218135346007","BAOTQ","ManhourReport","selectedHeaderItem_3","overalltotal","レイアウト設定レイアウト設定"
"BAOTQ20200218135346008","BAOTQ","ManhourReport","fromDate","2020/02/18","レイアウト設定レイアウト設定"
"BAOTQ20200218135346009","BAOTQ","ManhourReport","toDate","2020/02/18","レイアウト設定レイアウト設定"
"BAOTQ20200218135346010","BAOTQ","ManhourReport","numberTheme","1","レイアウト設定レイアウト設定"
"BAOTQ20200218135346011","BAOTQ","ManhourReport","themeNo_0","11101-7640[開発テーマ正式名称１]","レイアウト設定レイアウト設定"
"BAOTQ20200218135346012","BAOTQ","ManhourReport","workContentCode_0","10","レイアウト設定レイアウト設定"
"BAOTQ20200218135346013","BAOTQ","ManhourReport","workContentDetail_0","12","レイアウト設定レイアウト設定"
"BAOTQ20200218135346014","BAOTQ","ManhourReport","numberGroup","2","レイアウト設定レイアウト設定"
"BAOTQ20200218135346015","BAOTQ","ManhourReport","group_1","8002000000","レイアウト設定レイアウト設定"
"BAOTQ20200218135346016","BAOTQ","ManhourReport","numberUserGroup_1","2","レイアウト設定レイアウト設定"
"BAOTQ20200218135346017","BAOTQ","ManhourReport","group_1_1","THAOTTP","レイアウト設定レイアウト設定"
"BAOTQ20200218135346018","BAOTQ","ManhourReport","group_1_2","TUANPM","レイアウト設定レイアウト設定"
"BAOTQ20200218135346019","BAOTQ","ManhourReport","group_2","8002000000","レイアウト設定レイアウト設定"
"BAOTQ20200218135346020","BAOTQ","ManhourReport","numberUserGroup_2","3","レイアウト設定レイアウト設定"
"BAOTQ20200218135346021","BAOTQ","ManhourReport","group_2_1","THAOTTP","レイアウト設定レイアウト設定"
"BAOTQ20200218135346022","BAOTQ","ManhourReport","group_2_2","TUANPM","レイアウト設定レイアウト設定"
"BAOTQ20200218135346023","BAOTQ","ManhourReport","group_2_3","THUYHV","レイアウト設定レイアウト設定"
"TUANTT20200406131847002","TUANTT","ManhourReport","isSingleQuote","1",""
"TUANTT20200406131847003","TUANTT","ManhourReport","numberSelectedHeader","3",""
"TUANTT20200406131847004","TUANTT","ManhourReport","selectedHeaderItem_0","user",""
"TUANTT20200406131847005","TUANTT","ManhourReport","selectedHeaderItem_1","theme",""
"TUANTT20200406131847006","TUANTT","ManhourReport","selectedHeaderItem_2","monthlytotal",""
"TUANTT20200406131847007","TUANTT","ManhourReport","fromDate","2020/03/01",""
"TUANTT20200406131847008","TUANTT","ManhourReport","toDate","2020/04/06",""
"TUANTT20200406131847009","TUANTT","ManhourReport","numberTheme","1",""
"TUANTT20200406131847010","TUANTT","ManhourReport","themeNo_0","",""
"TUANTT20200406131847011","TUANTT","ManhourReport","workContentCode_0","",""
"TUANTT20200406131847012","TUANTT","ManhourReport","workContentDetail_0","",""
"TUANTT20200406131847013","TUANTT","ManhourReport","lastestSaveName","ttaa",""
"PHONGDV20200319131725000","PHONGDV","ManhourReport","isTotal","1","dfgdfgdfgdfgdfgdfgdfgwefwedsfdsd"
"PHONGDV20200319131725001","PHONGDV","ManhourReport","typeDelimiter","0","dfgdfgdfgdfgdfgdfgdfgwefwedsfdsd"
"PHONGDV20200319131725002","PHONGDV","ManhourReport","isSingleQuote","1","dfgdfgdfgdfgdfgdfgdfgwefwedsfdsd"
"PHONGDV20200319131725003","PHONGDV","ManhourReport","numberSelectedHeader","5","dfgdfgdfgdfgdfgdfgdfgwefwedsfdsd"
"PHONGDV20200319131725004","PHONGDV","ManhourReport","selectedHeaderItem_0","affiliation","dfgdfgdfgdfgdfgdfgdfgwefwedsfdsd"
"PHONGDV20200319131725005","PHONGDV","ManhourReport","selectedHeaderItem_1","user","dfgdfgdfgdfgdfgdfgdfgwefwedsfdsd"
"PHONGDV20200319131725006","PHONGDV","ManhourReport","selectedHeaderItem_2","theme","dfgdfgdfgdfgdfgdfgdfgwefwedsfdsd"
"PHONGDV20200319131725007","PHONGDV","ManhourReport","selectedHeaderItem_3","workcontent","dfgdfgdfgdfgdfgdfgdfgwefwedsfdsd"
"PHONGDV20200319131725008","PHONGDV","ManhourReport","selectedHeaderItem_4","monthlytotal","dfgdfgdfgdfgdfgdfgdfgwefwedsfdsd"
"PHONGDV20200319131725009","PHONGDV","ManhourReport","fromDate","2020/02/01","dfgdfgdfgdfgdfgdfgdfgwefwedsfdsd"
"CANHVN20200327083927000","CANHVN","ManhourReport","isTotal","1",""
"CANHVN20200327083927001","CANHVN","ManhourReport","typeDelimiter","1",""
"CANHVN20200327083927002","CANHVN","ManhourReport","isSingleQuote","0",""
"CANHVN20200327083927003","CANHVN","ManhourReport","numberSelectedHeader","6",""
"CANHVN20200327083927004","CANHVN","ManhourReport","selectedHeaderItem_0","user",""
"CANHVN20200327083927005","CANHVN","ManhourReport","selectedHeaderItem_1","detailworkcontent",""
"CANHVN20200327083927006","CANHVN","ManhourReport","selectedHeaderItem_2","affiliation",""
"CANHVN20200327083927007","CANHVN","ManhourReport","selectedHeaderItem_3","overalltotal",""
"CANHVN20200327083927008","CANHVN","ManhourReport","selectedHeaderItem_4","monthlytotal",""
"CANHVN20200327083927009","CANHVN","ManhourReport","selectedHeaderItem_5","dailytotal",""
"PHONGDV20200225094848000","PHONGDV","ManhourCheck","fromDate","2020/02/14",""
"NGUYENL20200203030308002","NGUYENL","SelectTheme","AccountingGroupCode",,
"PHONGDV20200225094848001","PHONGDV","ManhourCheck","toDate","2020/02/29",""
"CANHVN20200212083217000","CANHVN","Theme","THEME_NO","12701",""
"PHONGDV20200319131725010","PHONGDV","ManhourReport","toDate","2020/02/24","dfgdfgdfgdfgdfgdfgdfgwefwedsfdsd"
"PHONGDV20200319131725011","PHONGDV","ManhourReport","numberTheme","4","dfgdfgdfgdfgdfgdfgdfgwefwedsfdsd"
"TUANPM20200218063949000","TUANPM","ManhourUpdate","GROUP_CODE","8002000000",""
"PHONGDV20200225095531003","PHONGDV","ManhourUpdate","YEAR","2020",""
"PHONGDV20200225095531004","PHONGDV","ManhourUpdate","MONTH","2",""
"PHONGDV20200319131725012","PHONGDV","ManhourReport","themeNo_0","11101-7641[開発テーマ正式名称２]","dfgdfgdfgdfgdfgdfgdfgwefwedsfdsd"
"PHONGDV20200225095531000","PHONGDV","ManhourUpdate","GROUP_CODE","8002000000",""
"PHONGDV20200319131725013","PHONGDV","ManhourReport","workContentCode_0","30","dfgdfgdfgdfgdfgdfgdfgwefwedsfdsd"
"CANHVN20200212083217005","CANHVN","Theme","SCROLL_POSITION","0",""
"PHONGDV20200319131725014","PHONGDV","ManhourReport","workContentDetail_0","52","dfgdfgdfgdfgdfgdfgdfgwefwedsfdsd"
"PHONGDV20200319131725015","PHONGDV","ManhourReport","themeNo_1","","dfgdfgdfgdfgdfgdfgdfgwefwedsfdsd"
"PHONGDV20200319131725016","PHONGDV","ManhourReport","workContentCode_1","","dfgdfgdfgdfgdfgdfgdfgwefwedsfdsd"
"CANHVN20200327083927010","CANHVN","ManhourReport","fromDate","2020/03/01",""
"PHONGDV20200319131725017","PHONGDV","ManhourReport","workContentDetail_1","","dfgdfgdfgdfgdfgdfgdfgwefwedsfdsd"
"PHONGDV20200319131725018","PHONGDV","ManhourReport","themeNo_2","11101-7650[開発テーマ正式名称３]","dfgdfgdfgdfgdfgdfgdfgwefwedsfdsd"
"PHONGDV20200319131725019","PHONGDV","ManhourReport","workContentCode_2","50","dfgdfgdfgdfgdfgdfgdfgwefwedsfdsd"
"PHONGDV20200319131725020","PHONGDV","ManhourReport","workContentDetail_2","33","dfgdfgdfgdfgdfgdfgdfgwefwedsfdsd"
"PHONGDV20200319131725021","PHONGDV","ManhourReport","themeNo_3","","dfgdfgdfgdfgdfgdfgdfgwefwedsfdsd"
"PHONGDV20200319131725022","PHONGDV","ManhourReport","workContentCode_3","","dfgdfgdfgdfgdfgdfgdfgwefwedsfdsd"
"PHONGDV20200319131725023","PHONGDV","ManhourReport","workContentDetail_3","","dfgdfgdfgdfgdfgdfgdfgwefwedsfdsd"
"PHONGDV20200319131725024","PHONGDV","ManhourReport","numberGroup","6","dfgdfgdfgdfgdfgdfgdfgwefwedsfdsd"
"PHONGDV20200319131725025","PHONGDV","ManhourReport","group_1","8002000000","dfgdfgdfgdfgdfgdfgdfgwefwedsfdsd"
"PHONGDV20200319131725026","PHONGDV","ManhourReport","numberUserGroup_1","2","dfgdfgdfgdfgdfgdfgdfgwefwedsfdsd"
"PHONGDV20200319131725027","PHONGDV","ManhourReport","group_1_1","THAOTTP","dfgdfgdfgdfgdfgdfgdfgwefwedsfdsd"
"PHONGDV20200319131725028","PHONGDV","ManhourReport","group_1_2","THUYHV","dfgdfgdfgdfgdfgdfgdfgwefwedsfdsd"
"PHONGDV20200319131725029","PHONGDV","ManhourReport","group_2","8000000000","dfgdfgdfgdfgdfgdfgdfgwefwedsfdsd"
"PHONGDV20200319131725030","PHONGDV","ManhourReport","numberUserGroup_2","3","dfgdfgdfgdfgdfgdfgdfgwefwedsfdsd"
"PHONGDV20200319131725031","PHONGDV","ManhourReport","group_2_1","PHONGDV2","dfgdfgdfgdfgdfgdfgdfgwefwedsfdsd"
"PHONGDV20200319131725032","PHONGDV","ManhourReport","group_2_2","PHONGDV3","dfgdfgdfgdfgdfgdfgdfgwefwedsfdsd"
"PHONGDV20200319131725033","PHONGDV","ManhourReport","group_2_3","PHONGDV4","dfgdfgdfgdfgdfgdfgdfgwefwedsfdsd"
"PHONGDV20200319131725034","PHONGDV","ManhourReport","group_3","8101050000","dfgdfgdfgdfgdfgdfgdfgwefwedsfdsd"
"PHONGDV20200319131725035","PHONGDV","ManhourReport","numberUserGroup_3","2","dfgdfgdfgdfgdfgdfgdfgwefwedsfdsd"
"PHONGDV20200319131725036","PHONGDV","ManhourReport","group_3_1","SSE802615","dfgdfgdfgdfgdfgdfgdfgwefwedsfdsd"
"PHONGDV20200319131725037","PHONGDV","ManhourReport","group_3_2","SSE802615","dfgdfgdfgdfgdfgdfgdfgwefwedsfdsd"
"PHONGDV20200319131725038","PHONGDV","ManhourReport","group_4","8002000000","dfgdfgdfgdfgdfgdfgdfgwefwedsfdsd"
"PHONGDV20200319131725039","PHONGDV","ManhourReport","numberUserGroup_4","1","dfgdfgdfgdfgdfgdfgdfgwefwedsfdsd"
"PHONGDV20200319131725040","PHONGDV","ManhourReport","group_4_1","THAOTTP","dfgdfgdfgdfgdfgdfgdfgwefwedsfdsd"
"PHONGDV20200319131725041","PHONGDV","ManhourReport","group_5","8002000000","dfgdfgdfgdfgdfgdfgdfgwefwedsfdsd"
"PHONGDV20200319131725042","PHONGDV","ManhourReport","numberUserGroup_5","3","dfgdfgdfgdfgdfgdfgdfgwefwedsfdsd"
"PHONGDV20200319131725043","PHONGDV","ManhourReport","group_5_1","THUYHV","dfgdfgdfgdfgdfgdfgdfgwefwedsfdsd"
"PHONGDV20200319131725044","PHONGDV","ManhourReport","group_5_2","THAOTTP","dfgdfgdfgdfgdfgdfgdfgwefwedsfdsd"
"PHONGDV20200319131725045","PHONGDV","ManhourReport","group_5_3","TUANPM","dfgdfgdfgdfgdfgdfgdfgwefwedsfdsd"
"PHONGDV20200319131725046","PHONGDV","ManhourReport","group_6","8002020000","dfgdfgdfgdfgdfgdfgdfgwefwedsfdsd"
"PHONGDV20200319131725047","PHONGDV","ManhourReport","numberUserGroup_6","2","dfgdfgdfgdfgdfgdfgdfgwefwedsfdsd"
"PHONGDV20200319131725048","PHONGDV","ManhourReport","group_6_1","CANHVN","dfgdfgdfgdfgdfgdfgdfgwefwedsfdsd"
"PHONGDV20200319131725049","PHONGDV","ManhourReport","group_6_2","TANTQ","dfgdfgdfgdfgdfgdfgdfgwefwedsfdsd"
"CANHVN20200327083927011","CANHVN","ManhourReport","toDate","2020/03/31",""
"CANHVN20200327083927012","CANHVN","ManhourReport","numberTheme","1",""
"PHONGDV20200225094848002","PHONGDV","ManhourCheck","groupCode",,""
"TANTQ20200323174450000","TANTQ","ManhourCheck","groupCode",,""
"TUANPM20200218063949001","TUANPM","ManhourUpdate","USER_NO","PHONGDV",""
"PHONGDV20200220083448000","PHONGDV","ManhourInput","ManhourInput","Week",""
"CANHVN20200327083927013","CANHVN","ManhourReport","themeNo_0","",""
"CANHVN20200327083927014","CANHVN","ManhourReport","workContentCode_0","",""
"CANHVN20200327083927015","CANHVN","ManhourReport","workContentDetail_0","",""
"CANHVN20200327083927016","CANHVN","ManhourReport","numberGroup","1",""
"CANHVN20200327083927017","CANHVN","ManhourReport","group_1","8002000000",""
"CANHVN20200327083927018","CANHVN","ManhourReport","numberUserGroup_1","1",""
"CANHVN20200327083927019","CANHVN","ManhourReport","group_1_1","",""
"CANHVN20200327083927020","CANHVN","ManhourReport","lastestSaveName","313123",""
"BAOTQ20200326115650000","BAOTQ","ManhourCheck","groupCode","8002020000",""
"BAOTQ20200203031148003","BAOTQ","SelectTheme","SalesObjectCode","011",
"VYHNT20210524162156001","VYHNT","SelectTheme","ThemeName",,""
"TUANPM20200227112126000","TUANPM","ManhourCheck","groupCode","8002020000",""
"THUYHV20200318091633000","THUYHV","Theme","THEME_NO",,""
"THUYHV20200318091633001","THUYHV","Theme","THEME_NAME1",,""
"THUYHV20200318091633002","THUYHV","Theme","ACCOUNTING_GROUP_CODE",,""
"THUYHV20200318091633003","THUYHV","Theme","SALES_OBJECT_CODE",,""
"THUYHV20200318091633004","THUYHV","Theme","DEL_FLG","0",""
"VYHNT20210524162156003","VYHNT","SelectTheme","SalesObjectCode",,""
"VYHNT20210524162156004","VYHNT","SelectTheme","SoldFlg","全て",""
"THUYHV20200318091633005","THUYHV","Theme","SCROLL_POSITION","1100",""
"VYHNT20210524162631000","VYHNT","Theme","THEME_NO",,""
"VYHNT20210524162631001","VYHNT","Theme","THEME_NAME1",,""
"VYHNT20210524162631004","VYHNT","Theme","DEL_FLG","0",""
"VYHNT20210524162156002","VYHNT","SelectTheme","AccountingGroupCode",,""
"VYHNT20210524162501000","VYHNT","ManhourUpdate","GROUP_CODE","8002000000",""
"VYHNT20210524162501001","VYHNT","ManhourUpdate","USER_NO","VYHNT",""
"VYHNT20210524162631002","VYHNT","Theme","ACCOUNTING_GROUP_CODE","11",""
"VYHNT20210524162631003","VYHNT","Theme","SALES_OBJECT_CODE","010",""
"VYHNT20210524162631005","VYHNT","Theme","SCROLL_POSITION","1",""
"PHONGDV20200319141116000","PHONGDV","ManhourReport","isTotal","1","phongsdf"
"PHONGDV20200319141116001","PHONGDV","ManhourReport","typeDelimiter","0","phongsdf"
"PHONGDV20200319141116002","PHONGDV","ManhourReport","isSingleQuote","1","phongsdf"
"PHONGDV20200319141116003","PHONGDV","ManhourReport","fromDate","2020/02/01","phongsdf"
"PHONGDV20200319141116004","PHONGDV","ManhourReport","toDate","2020/02/24","phongsdf"
"PHONGDV20200319141116005","PHONGDV","ManhourReport","numberTheme","4","phongsdf"
"PHONGDV20200319141116006","PHONGDV","ManhourReport","themeNo_0","11101-7641[開発テーマ正式名称２]","phongsdf"
"PHONGDV20200319141116007","PHONGDV","ManhourReport","workContentCode_0","30","phongsdf"
"PHONGDV20200319141116008","PHONGDV","ManhourReport","workContentDetail_0","52","phongsdf"
"PHONGDV20200319141116009","PHONGDV","ManhourReport","themeNo_1","","phongsdf"
"PHONGDV20200319141116010","PHONGDV","ManhourReport","workContentCode_1","","phongsdf"
"PHONGDV20200319141116011","PHONGDV","ManhourReport","workContentDetail_1","","phongsdf"
"PHONGDV20200319141116012","PHONGDV","ManhourReport","themeNo_2","11101-7650[開発テーマ正式名称３]","phongsdf"
"PHONGDV20200319141116013","PHONGDV","ManhourReport","workContentCode_2","50","phongsdf"
"PHONGDV20200319141116014","PHONGDV","ManhourReport","workContentDetail_2","33","phongsdf"
"PHONGDV20200319141116015","PHONGDV","ManhourReport","themeNo_3","","phongsdf"
"PHONGDV20200319141116016","PHONGDV","ManhourReport","workContentCode_3","","phongsdf"
"PHONGDV20200319141116017","PHONGDV","ManhourReport","workContentDetail_3","","phongsdf"
"PHONGDV20200319141116018","PHONGDV","ManhourReport","numberGroup","4","phongsdf"
"PHONGDV20200319141116019","PHONGDV","ManhourReport","group_1","8002000000","phongsdf"
"PHONGDV20200319141116020","PHONGDV","ManhourReport","numberUserGroup_1","2","phongsdf"
"PHONGDV20200319141116021","PHONGDV","ManhourReport","group_1_1","THAOTTP","phongsdf"
"PHONGDV20200319141116022","PHONGDV","ManhourReport","group_1_2","THUYHV","phongsdf"
"PHONGDV20200319141116023","PHONGDV","ManhourReport","group_2","8000000000","phongsdf"
"PHONGDV20200319141116024","PHONGDV","ManhourReport","numberUserGroup_2","3","phongsdf"
"PHONGDV20200319141116025","PHONGDV","ManhourReport","group_2_1","PHONGDV2","phongsdf"
"PHONGDV20200319141116026","PHONGDV","ManhourReport","group_2_2","PHONGDV3","phongsdf"
"PHONGDV20200319141116027","PHONGDV","ManhourReport","group_2_3","PHONGDV4","phongsdf"
"PHONGDV20200319141116028","PHONGDV","ManhourReport","group_3","8002020000","phongsdf"
"PHONGDV20200319141116029","PHONGDV","ManhourReport","numberUserGroup_3","2","phongsdf"
"PHONGDV20200319141116030","PHONGDV","ManhourReport","group_3_1","CANHVN","phongsdf"
"PHONGDV20200319141116031","PHONGDV","ManhourReport","group_3_2","TANTQ","phongsdf"
"PHONGDV20200319141116032","PHONGDV","ManhourReport","group_4","","phongsdf"
"PHONGDV20200319141116033","PHONGDV","ManhourReport","numberUserGroup_4","1","phongsdf"
"PHONGDV20200225095531001","PHONGDV","ManhourUpdate","USER_NO","THUYHV",""
"PHONGDV20200319141116034","PHONGDV","ManhourReport","group_4_1","","phongsdf"
"THUYHV20200227152217000","THUYHV","ManhourInput","ManhourInput","Month",""
"PHONGDV20200316151209000","PHONGDV","ManhourReport","isTotal","1","phongsdf123456"
"PHONGDV20200316151209001","PHONGDV","ManhourReport","typeDelimiter","0","phongsdf123456"
"PHONGDV20200316151209002","PHONGDV","ManhourReport","isSingleQuote","1","phongsdf123456"
"PHONGDV20200316151209003","PHONGDV","ManhourReport","fromDate","2020/02/01","phongsdf123456"
"PHONGDV20200316151209004","PHONGDV","ManhourReport","toDate","2020/02/24","phongsdf123456"
"PHONGDV20200316151209005","PHONGDV","ManhourReport","numberTheme","4","phongsdf123456"
"PHONGDV20200316151209006","PHONGDV","ManhourReport","themeNo_0","11101-7641[開発テーマ正式名称２]","phongsdf123456"
"PHONGDV20200316151209007","PHONGDV","ManhourReport","workContentCode_0","30","phongsdf123456"
"PHONGDV20200316151209008","PHONGDV","ManhourReport","workContentDetail_0","52","phongsdf123456"
"PHONGDV20200316151209009","PHONGDV","ManhourReport","themeNo_1","","phongsdf123456"
"PHONGDV20200316151209010","PHONGDV","ManhourReport","workContentCode_1","","phongsdf123456"
"PHONGDV20200316151209011","PHONGDV","ManhourReport","workContentDetail_1","","phongsdf123456"
"PHONGDV20200316151209012","PHONGDV","ManhourReport","themeNo_2","11101-7650[開発テーマ正式名称３]","phongsdf123456"
"PHONGDV20200316151209013","PHONGDV","ManhourReport","workContentCode_2","50","phongsdf123456"
"PHONGDV20200316151209014","PHONGDV","ManhourReport","workContentDetail_2","33","phongsdf123456"
"PHONGDV20200316151209015","PHONGDV","ManhourReport","themeNo_3","","phongsdf123456"
"PHONGDV20200316151209016","PHONGDV","ManhourReport","workContentCode_3","","phongsdf123456"
"PHONGDV20200316151209017","PHONGDV","ManhourReport","workContentDetail_3","","phongsdf123456"
"PHONGDV20200316151209018","PHONGDV","ManhourReport","numberGroup","2","phongsdf123456"
"PHONGDV20200316151209019","PHONGDV","ManhourReport","group_1","8002000000","phongsdf123456"
"PHONGDV20200316151209020","PHONGDV","ManhourReport","numberUserGroup_1","2","phongsdf123456"
"PHONGDV20200316151209021","PHONGDV","ManhourReport","group_1_1","THAOTTP","phongsdf123456"
"PHONGDV20200316151209022","PHONGDV","ManhourReport","group_1_2","THUYHV","phongsdf123456"
"PHONGDV20200316151209023","PHONGDV","ManhourReport","group_2","8000000000","phongsdf123456"
"PHONGDV20200316151209024","PHONGDV","ManhourReport","numberUserGroup_2","3","phongsdf123456"
"PHONGDV20200316151209025","PHONGDV","ManhourReport","group_2_1","PHONGDV2","phongsdf123456"
"PHONGDV20200316151209026","PHONGDV","ManhourReport","group_2_2","PHONGDV3","phongsdf123456"
"PHONGDV20200316151209027","PHONGDV","ManhourReport","group_2_3","PHONGDV4","phongsdf123456"
"CANHVN20200203063441000","CANHVN","ManhourInput","ManhourInput","Week",""
"BAOTQ20200206013600000","BAOTQ","ManhourInput","ManhourInput","Month",""
"BAOTQ20200203031148002","BAOTQ","SelectTheme","AccountingGroupCode",,
"CANHVN20200203063442004","CANHVN","SelectTheme","SoldFlg","未売上",""
"BAOTQ20200203031148000","BAOTQ","SelectTheme","ThemeNo",,
"VYHNT20210528145034000","VYHNT","ManhourCheck","groupCode",,""
"CANHVN20200204111028001","CANHVN","ManhourUpdate","USER_NO","CANHVN",""
"VYHNT20210524162156000","VYHNT","SelectTheme","ThemeNo","21020-0030",""
"NGUYENL20200305111607000","NGUYENL","Theme","THEME_NO",,""
"NGUYENL20200305111607001","NGUYENL","Theme","THEME_NAME1",,""
"NGUYENL20200305111607002","NGUYENL","Theme","ACCOUNTING_GROUP_CODE",,""
"NGUYENL20200305111607003","NGUYENL","Theme","SALES_OBJECT_CODE",,""
"NGUYENL20200305111607004","NGUYENL","Theme","DEL_FLG","0",""
"NGUYENL20200305111607005","NGUYENL","Theme","SCROLL_POSITION","2350",""
"TUANPM20200218063949004","TUANPM","ManhourUpdate","MONTH","3",""
"TUANPM20200218063949002","TUANPM","ManhourUpdate","SITE_CODE","HP",""
"THUYHV20200304175523000","THUYHV","ManhourReport","isTotal","1","ThuyHV"
"THUYHV20200304175523001","THUYHV","ManhourReport","typeDelimiter","1","ThuyHV"
"THUYHV20200304175523002","THUYHV","ManhourReport","isSingleQuote","1","ThuyHV"
"THUYHV20200304175523003","THUYHV","ManhourReport","fromDate","2020/03/01","ThuyHV"
"THUYHV20200304175523004","THUYHV","ManhourReport","toDate","2020/03/04","ThuyHV"
"THUYHV20200304175523005","THUYHV","ManhourReport","numberTheme","1","ThuyHV"
"THUYHV20200304175523006","THUYHV","ManhourReport","themeNo_0","","ThuyHV"
"THUYHV20200304175523007","THUYHV","ManhourReport","workContentCode_0","","ThuyHV"
"THUYHV20200304175523008","THUYHV","ManhourReport","workContentDetail_0","","ThuyHV"
"PHONGDV20200316103635000","PHONGDV","ManhourReport","isTotal","1","phongsdfsdsd"
"THUYHV20200120022957004","THUYHV","ManhourUpdate","MONTH","3",""
"TANTQ20200305141018001","TANTQ","Theme","THEME_NAME1",,""
"TANTQ20200305141018002","TANTQ","Theme","ACCOUNTING_GROUP_CODE",,""
"TANTQ20200305141018004","TANTQ","Theme","DEL_FLG","0",""
"PHONGDV20200316103635001","PHONGDV","ManhourReport","typeDelimiter","0","phongsdfsdsd"
"PHONGDV20200316103635002","PHONGDV","ManhourReport","isSingleQuote","1","phongsdfsdsd"
"PHONGDV20200316103635003","PHONGDV","ManhourReport","fromDate","2020/02/01","phongsdfsdsd"
"PHONGDV20200316103635004","PHONGDV","ManhourReport","toDate","2020/02/24","phongsdfsdsd"
"PHONGDV20200316103635005","PHONGDV","ManhourReport","numberTheme","4","phongsdfsdsd"
"PHONGDV20200316103635006","PHONGDV","ManhourReport","themeNo_0","11101-7641[開発テーマ正式名称２]","phongsdfsdsd"
"PHONGDV20200316103635007","PHONGDV","ManhourReport","workContentCode_0","30","phongsdfsdsd"
"PHONGDV20200316103635008","PHONGDV","ManhourReport","workContentDetail_0","52","phongsdfsdsd"
"PHONGDV20200316103635009","PHONGDV","ManhourReport","themeNo_1","","phongsdfsdsd"
"PHONGDV20200316103635010","PHONGDV","ManhourReport","workContentCode_1","","phongsdfsdsd"
"PHONGDV20200316103635011","PHONGDV","ManhourReport","workContentDetail_1","","phongsdfsdsd"
"PHONGDV20200316103635012","PHONGDV","ManhourReport","themeNo_2","11101-7650[開発テーマ正式名称３]","phongsdfsdsd"
"PHONGDV20200316103635013","PHONGDV","ManhourReport","workContentCode_2","50","phongsdfsdsd"
"PHONGDV20200316103635014","PHONGDV","ManhourReport","workContentDetail_2","33","phongsdfsdsd"
"PHONGDV20200316103635015","PHONGDV","ManhourReport","themeNo_3","","phongsdfsdsd"
"PHONGDV20200316103635016","PHONGDV","ManhourReport","workContentCode_3","","phongsdfsdsd"
"PHONGDV20200316103635017","PHONGDV","ManhourReport","workContentDetail_3","","phongsdfsdsd"
"PHONGDV20200316103635018","PHONGDV","ManhourReport","numberGroup","1","phongsdfsdsd"
"TUANPM20200218063949003","TUANPM","ManhourUpdate","YEAR","2020",""
"THUYHV20200120022957002","THUYHV","ManhourUpdate","SITE_CODE","HP",""
"THUYHV20200120022957003","THUYHV","ManhourUpdate","YEAR","2020",""
"PHONGDV20200316103635019","PHONGDV","ManhourReport","group_1","8002000000","phongsdfsdsd"
"PHONGDV20200316103635020","PHONGDV","ManhourReport","numberUserGroup_1","2","phongsdfsdsd"
"PHONGDV20200316103635021","PHONGDV","ManhourReport","group_1_1","THAOTTP","phongsdfsdsd"
"PHONGDV20200316103635022","PHONGDV","ManhourReport","group_1_2","THUYHV","phongsdfsdsd"
"TANTQ20200305141018003","TANTQ","Theme","SALES_OBJECT_CODE",,""
"THUYHV20200120022957000","THUYHV","ManhourUpdate","GROUP_CODE","8002000000",""
"THUYHV20200120022957001","THUYHV","ManhourUpdate","USER_NO","PHONGDV",""
"TANTQ20200305141018005","TANTQ","Theme","SCROLL_POSITION","77",""
"TANTQ20200305141018000","TANTQ","Theme","THEME_NO","11120",""
