﻿"user_no","user_name","group_code","site_code","role_code","mail_address","del_flg","create_date","create_user","update_date","update_user"
"THUYHV","ユーザー　４","8002000000","HP","POWER","test@g-sanden.com",False,12/17/2019 12:00:00 AM,"SSE802615",12/17/2019 12:00:00 AM,"SSE802615"
"SSE802615","ユーザー　１","8101050000","YP","MANAGER","test@g-sanden.com",False,12/17/2019 12:00:00 AM,"SSE802615",1/31/2020 9:09:34 AM.601,"BAOTQ"
"NGUYENL","Nguyen Le","8002000000","YP","ADMIN","test@g-sanden.com",True,12/17/2019 12:00:00 AM,,,
"BAOTQ","ユーザー　５","8002000000","HP","POWER","test@g-sanden.com",False,12/17/2019 12:00:00 AM,"SSE802615",12/17/2019 12:00:00 AM,"SSE802615"
"555555555",,,"YP",,,False,2/28/2020 11:11:38 AM.553,"CANHVN",2/28/2020 11:11:38 AM.553,"CANHVN"
"aaaaa",,,"YP",,,False,2/28/2020 11:11:24 AM.282,"CANHVN",2/28/2020 11:11:24 AM.282,"CANHVN"
"CANHVN","Vu Ngoc Canh","8002020000","HP","POWER","test@g-sanden.com",False,12/17/2019 12:00:00 AM,"SSE802615",12/17/2019 12:00:00 AM,"SSE802615"
"AFFAIRS","AFFAIRS",,"YP",,,False,,,,
"PHONGDV","PHONGDV","8002000000","YP","POWER",,False,1/2/2020 1:49:35 PM.813,"SSE802615",1/2/2020 1:50:06 PM.144,"SSE802615"
"SSE803243","ユーザー　３","8101030000","YP","USER","test@g-sanden.com",False,12/17/2019 12:00:00 AM,"SSE802615",12/17/2019 12:00:00 AM,"SSE802615"
"THAOTTP","Thao Tran","8002000000","HP","POWER","test@g-sanden.com",False,12/17/2019 12:00:00 AM,"SSE802615",12/17/2019 12:00:00 AM,"SSE802615"
"MANAGER","AFFAIRS","","YP",,,,,,,
"POWER","AFFAIRS",,"YP",,,False,,,,
"ssss","AFFAIRS",,"YP",,,False,,,,
"PHONGDV2","user_no	user_name	gr","8000000000","HP","POWER","test@g-sanden.com",False,12/17/2019 12:00:00 AM,"SSE802615",12/17/2019 12:00:00 AM,"SSE802615"
"YP",,,"HP",,,,,,,
"PHONGDV3","ユーザー　５","8000000000","HP","POWER","test@g-sanden.com",False,12/17/2019 12:00:00 AM,"SSE802615",12/17/2019 12:00:00 AM,"SSE802615"
"2",,,"HP",,,,,,,
"332323",,,"HP",,,,,,,
"test@g-sa",,,,,,,,,,
"TUANTT","Tuan","8002000000","HP","ADMIN","test@g-sanden.com",,4/6/2020 1:10:20 PM.307,"123",4/6/2020 1:10:20 PM,"123"
"PHONGDV4","234","8000000000","HP","POWER","test@g-sanden.com",False,12/17/2019 12:00:00 AM,"SSE802615",12/17/2019 12:00:00 AM,"SSE802615"
"TANTQ","ユーザー　5","8002020000","YP","ADMIN","test@g-sanden.com",False,12/17/2019 12:00:00 AM,"SSE802615",12/17/2019 12:00:00 AM,"SSE802615"
"TUANPM","ユーザー　５","8002000000","HP","ADMIN","test@g-sanden.com",False,12/17/2019 12:00:00 AM,"SSE802615",12/17/2019 12:00:00 AM,"SSE802615"
"VYHNT","Vy","8002000000","HP","ADMIN","test@g-sanden.com",False,4/6/2020 1:10:20 PM.307,"123",4/6/2020 1:10:20 PM,"123"
