﻿"work_contents_class","work_contents_code","work_contents_code_name","memo","subtotal_code","del_flg","create_date","create_user","update_date","update_user"
"1","00","企画・営業","営業活動","00",False,12/17/2019 12:00:00 AM,"SSE802615",12/17/2019 12:00:00 AM,"SSE802615"
"1","10","システム分析","問題認識と定式化、分析の計画立案、機能分析、システム案作成","10",False,12/17/2019 12:00:00 AM,"SSE802615",12/17/2019 12:00:00 AM,"SSE802615"
"1","20","概要設計","共通設計、画面設計、バッチ設計、DB設計、IF設計、運用設計、テスト計画","20",False,12/17/2019 12:00:00 AM,"SSE802615",12/17/2019 12:00:00 AM,"SSE802615"
"1","30","詳細設計","詳細設計","30",False,12/17/2019 12:00:00 AM,"SSE802615",12/17/2019 12:00:00 AM,"SSE802615"
"1","40","プログラム製造・単体テスト","プログラム製造、単体テスト","40",False,12/17/2019 12:00:00 AM,"SSE802615",12/17/2019 12:00:00 AM,"SSE802615"
"1","50","結合総合テスト","結合テスト仕様書作成、結合テスト実施、総合テスト仕様書作成、総合テスト実施","50",False,12/17/2019 12:00:00 AM,"SSE802615",12/17/2019 12:00:00 AM,"SSE802615"
"1","60","導入準備","移行計画、データセットアップ、マニュアル作成、教育・説明会","60",False,12/17/2019 12:00:00 AM,"SSE802615",12/17/2019 12:00:00 AM,"SSE802615"
"1","70","アフターフォロー","売上後の作業","70",False,12/17/2019 12:00:00 AM,"SSE802615",12/17/2019 12:00:00 AM,"SSE802615"
"1","80","運用管理作業","運用管理作業","80",False,12/17/2019 12:00:00 AM,"SSE802615",12/17/2019 12:00:00 AM,"SSE802615"
"1","90","共通作業","共通作業","90",False,12/17/2019 12:00:00 AM,"SSE802615",12/17/2019 12:00:00 AM,"SSE802615"
"2","00","SSE","SSEの計画内、定常業務や自発的作業、SSE責任によるﾄﾗﾌﾞﾙ等","00",False,12/17/2019 12:00:00 AM,"SSE802615",12/17/2019 12:00:00 AM,"SSE802615"
"2","10","ユーザ","SSEの計画外、ﾕｰｻﾞｰから依頼、ﾕｰｻﾞｰ責任によるﾄﾗﾌﾞﾙ等","10",False,12/17/2019 12:00:00 AM,"SSE802615",12/17/2019 12:00:00 AM,"SSE802615"
"2","90","共通","作業内容(00､10)に分けられない相互発生的作業","90",False,12/17/2019 12:00:00 AM,"SSE802615",12/17/2019 12:00:00 AM,"SSE802615"
"3","10","企画・市場調査","企画・市場調査","10",False,12/17/2019 12:00:00 AM,"SSE802615",12/17/2019 12:00:00 AM,"SSE802615"
"3","20","客先面談・デモ・仕様打合せ","客先面談・デモ・仕様打合せ","20",False,12/17/2019 12:00:00 AM,"SSE802615",12/17/2019 12:00:00 AM,"SSE802615"
"3","30","面談記録、報告書作成","面談記録、日報、週報、月報、作業報告書作成等","30",False,12/17/2019 12:00:00 AM,"SSE802615",12/17/2019 12:00:00 AM,"SSE802615"
"3","40","クレーム・アフターフォロー対応","クレーム・アフターフォロー対応","40",False,12/17/2019 12:00:00 AM,"SSE802615",12/17/2019 12:00:00 AM,"SSE802615"
"3","50","移動(30分以上)","移動(30分以上)","50",False,12/17/2019 12:00:00 AM,"SSE802615",12/17/2019 12:00:00 AM,"SSE802615"
"3","60","導入・立合い・ユーザー教育","導入・立合い・ユーザー教育","60",False,12/17/2019 12:00:00 AM,"SSE802615",12/17/2019 12:00:00 AM,"SSE802615"
"3","80","訪問前準備","提案書・見積書・資料等作成、段取り、アポ、デモ準備、訪問先事前調査等","80",False,12/17/2019 12:00:00 AM,"SSE802615",12/17/2019 12:00:00 AM,"SSE802615"
"3","90","営業事務・その他","営業事務・その他","90",False,12/17/2019 12:00:00 AM,"SSE802615",12/17/2019 12:00:00 AM,"SSE802615"
"4","10","baotq_test","dzumi","10",False,3/7/2020 12:00:00 AM,"SSE802615",12/17/2019 12:00:00 AM,"SSE802615"
